title,price_gbp,rating,availability,category
Logan Kade (Fallen Crest High #5.5),Â£13.12,Two,In stock,Academic
The Torch Is Passed: A Harding Family Story,Â£19.09,One,In stock,Add a comment
"The Mindfulness and Acceptance Workbook for Anxiety: A Guide to Breaking Free from Anxiety, Phobias, and Worry Using Acceptance and Commitment Therapy",Â£23.89,Four,In stock,Add a comment
The Art Forger,Â£40.76,Three,In stock,Add a comment
On a Midnight Clear,Â£14.07,Three,In stock,Add a comment
Judo: Seven Steps to Black Belt (an Introductory Guide for Beginners),Â£53.90,Two,In stock,Add a comment
"Shobu Samurai, Project Aryoku (#3)",Â£29.06,Three,In stock,Add a comment
Modern Romance,Â£28.26,Five,In stock,Add a comment
The White Queen (The Cousins' War #1),Â£25.91,Five,In stock,Add a comment
The Song of Achilles,Â£37.40,Five,In stock,Add a comment
The Immortal Life of Henrietta Lacks,Â£40.67,Two,In stock,Add a comment
The Dovekeepers,Â£48.78,One,In stock,Add a comment
More Than Music (Chasing the Dream #1),Â£37.61,Two,In stock,Add a comment
Code Name Verity (Code Name Verity #1),Â£22.13,Four,In stock,Add a comment
Cell,Â£20.29,Four,In stock,Add a comment
Angels Walking (Angels Walking #1),Â£34.20,Two,In stock,Add a comment
"A Series of Catastrophes and Miracles: A True Story of Love, Science, and Cancer",Â£56.48,Two,In stock,Add a comment
A People's History of the United States,Â£40.79,Two,In stock,Add a comment
A Brush of Wings (Angels Walking #3),Â£55.51,One,In stock,Add a comment
Rook,Â£37.86,Four,In stock,Add a comment
The Midnight Watch: A Novel of the Titanic and the Californian,Â£26.20,One,In stock,Add a comment
The Gray Rhino: How to Recognize and Act on the Obvious Dangers We Ignore,Â£59.15,Four,In stock,Add a comment
The Children,Â£11.88,Three,In stock,Add a comment
One with You (Crossfire #5),Â£15.71,Four,In stock,Add a comment
Without Shame,Â£48.27,Five,In stock,Add a comment
Watchmen,Â£58.05,Four,In stock,Add a comment
A Hero's Curse (The Unseen Chronicles #1),Â£50.49,Three,In stock,Add a comment
23 Degrees South: A Tropical Tale of Changing Whether...,Â£35.79,Two,In stock,Add a comment
The Glass Castle,Â£16.24,One,In stock,Add a comment
The Drowning Girls,Â£35.67,Three,In stock,Add a comment
Team of Rivals: The Political Genius of Abraham Lincoln,Â£20.12,Five,In stock,Add a comment
John Adams,Â£57.43,Four,In stock,Add a comment
Good in Bed (Cannie Shapiro #1),Â£37.05,Five,In stock,Add a comment
The Joy of Cooking,Â£43.27,Four,In stock,Add a comment
The Golden Compass (His Dark Materials #1),Â£18.77,One,In stock,Add a comment
The God Delusion,Â£46.85,Three,In stock,Add a comment
Pride and Prejudice,Â£19.27,Four,In stock,Add a comment
Mere Christianity,Â£48.51,Three,In stock,Add a comment
Fun Home: A Family Tragicomic,Â£56.59,Four,In stock,Add a comment
The Raven King (The Raven Cycle #4),Â£30.57,Two,In stock,Add a comment
Find Her (Detective D.D. Warren #8),Â£22.37,One,In stock,Add a comment
Evicted: Poverty and Profit in the American City,Â£42.27,One,In stock,Add a comment
A Game of Thrones (A Song of Ice and Fire #1),Â£46.42,Two,In stock,Add a comment
A Clash of Kings (A Song of Ice and Fire #2),Â£10.79,Three,In stock,Add a comment
The Tipping Point: How Little Things Can Make a Big Difference,Â£10.02,Two,In stock,Add a comment
The Rest Is Noise: Listening to the Twentieth Century,Â£34.77,One,In stock,Add a comment
The Purpose Driven Life: What on Earth Am I Here for?,Â£37.19,Three,In stock,Add a comment
The Hitchhiker's Guide to the Galaxy (Hitchhiker's Guide to the Galaxy #1),Â£47.80,Three,In stock,Add a comment
The Girl Who Kicked the Hornet's Nest (Millennium Trilogy #3),Â£57.48,One,In stock,Add a comment
"The End of Faith: Religion, Terror, and the Future of Reason",Â£22.13,Four,In stock,Add a comment
The Complete Poems,Â£41.32,Five,In stock,Add a comment
The Catcher in the Rye,Â£24.55,One,In stock,Add a comment
The Case for Christ (Cases for Christianity),Â£47.84,One,In stock,Add a comment
The Blind Side: Evolution of a Game,Â£53.71,Five,In stock,Add a comment
Seven Days in the Art World,Â£52.33,Two,In stock,Add a comment
Sarah's Key,Â£46.29,One,In stock,Add a comment
Rogue Lawyer (Rogue Lawyer #1),Â£50.11,Three,In stock,Add a comment
Manuscript Found in Accra,Â£34.98,Two,In stock,Add a comment
Fire Bound (Sea Haven/Sisters of the Heart #5),Â£21.28,Four,In stock,Add a comment
Cosmos,Â£36.17,Two,In stock,Add a comment
#GIRLBOSS,Â£50.96,One,In stock,Add a comment
The Sense of an Ending,Â£31.38,Three,In stock,Add a comment
The Republic,Â£33.78,Three,In stock,Add a comment
The Odyssey,Â£29.64,Three,In stock,Add a comment
The Light of the Fireflies,Â£54.43,One,In stock,Add a comment
The Iliad,Â£16.16,One,In stock,Add a comment
The Communist Manifesto,Â£14.76,Three,In stock,Add a comment
Lord of the Flies,Â£24.89,Three,In stock,Add a comment
Fifty Shades Freed (Fifty Shades #3),Â£15.36,Five,In stock,Adult Fiction
