SQL JOIN,Pandas merge()
The Gray Rhino: How to Recognize and Act on the Obvious Dangers We Ignore,The Gray Rhino: How to Recognize and Act on the Obvious Dangers We Ignore
Watchmen,Watchmen
The Girl Who Kicked the Hornet's Nest (Millennium Trilogy #3),The Girl Who Kicked the Hornet's Nest (Millennium Trilogy #3)
John Adams,John Adams
Fun Home: A Family Tragicomic,Fun Home: A Family Tragicomic
"A Series of Catastrophes and Miracles: A True Story of Love, Science, and Cancer","A Series of Catastrophes and Miracles: A True Story of Love, Science, and Cancer"
A Brush of Wings (Angels Walking #3),A Brush of Wings (Angels Walking #3)
The Light of the Fireflies,The Light of the Fireflies
Judo: Seven Steps to Black Belt (an Introductory Guide for Beginners),Judo: Seven Steps to Black Belt (an Introductory Guide for Beginners)
The Blind Side: Evolution of a Game,The Blind Side: Evolution of a Game
Seven Days in the Art World,Seven Days in the Art World
#GIRLBOSS,#GIRLBOSS
A Hero's Curse (The Unseen Chronicles #1),A Hero's Curse (The Unseen Chronicles #1)
Rogue Lawyer (Rogue Lawyer #1),Rogue Lawyer (Rogue Lawyer #1)
The Dovekeepers,The Dovekeepers
Mere Christianity,Mere Christianity
Without Shame,Without Shame
The Case for Christ (Cases for Christianity),The Case for Christ (Cases for Christianity)
The Hitchhiker's Guide to the Galaxy (Hitchhiker's Guide to the Galaxy #1),The Hitchhiker's Guide to the Galaxy (Hitchhiker's Guide to the Galaxy #1)
The God Delusion,The God Delusion
